periode_data,tanggal,stasiun,pm_sepuluh,pm_duakomalima,sulfur_dioksida,karbon_monoksida,ozon,nitrogen_dioksida,max,parameter_pencemar_kritis,kategori,id
202005,2020-05-01,DKI5,55,,26,21,83,10,83,O3,SEDANG,2020-05-01_DKI5
202005,2020-05-02,DKI5,36,,22,12,80,9,80,O3,SEDANG,2020-05-02_DKI5
202005,2020-05-03,DKI5,65,,34,35,49,11,65,PM10,SEDANG,2020-05-03_DKI5
202005,2020-05-04,DKI5,53,,21,14,75,8,75,O3,SEDANG,2020-05-04_DKI5
202005,2020-05-05,DKI5,53,,22,18,73,9,73,O3,SEDANG,2020-05-05_DKI5
202005,2020-05-06,DKI5,52,,22,14,63,7,63,O3,SEDANG,2020-05-06_DKI5
202005,2020-05-07,DKI5,67,,24,18,69,9,69,O3,SEDANG,2020-05-07_DKI5
202005,2020-05-08,DKI5,91,,22,18,120,10,120,O3,TIDAK SEHAT,2020-05-08_DKI5
202005,2020-05-09,DKI4,77,,22,22,75,12,77,PM10,SEDANG,2020-05-09_DKI4
202005,2020-05-10,DKI5,72,,23,27,81,15,81,O3,SEDANG,2020-05-10_DKI5
202005,2020-05-11,DKI5,54,,24,18,83,8,83,O3,SEDANG,2020-05-11_DKI5
202005,2020-05-12,DKI5,57,,23,20,81,10,81,O3,SEDANG,2020-05-12_DKI5
202005,2020-05-13,DKI5,55,,22,17,79,8,79,O3,SEDANG,2020-05-13_DKI5
202005,2020-05-14,DKI3,61,,23,17,64,12,64,O3,SEDANG,2020-05-14_DKI3
202005,2020-05-15,DKI2,66,,23,18,62,9,66,PM10,SEDANG,2020-05-15_DKI2
202005,2020-05-16,DKI5,65,,23,17,77,8,77,O3,SEDANG,2020-05-16_DKI5
202005,2020-05-17,DKI5,74,,23,18,122,9,122,O3,TIDAK SEHAT,2020-05-17_DKI5
202005,2020-05-18,DKI5,62,,21,15,79,10,79,O3,SEDANG,2020-05-18_DKI5
202005,2020-05-19,DKI5,42,,23,15,119,13,119,O3,TIDAK SEHAT,2020-05-19_DKI5
202005,2020-05-20,DKI4,61,,23,14,73,9,73,O3,SEDANG,2020-05-20_DKI4
202005,2020-05-21,DKI2,33,,23,14,79,12,79,O3,SEDANG,2020-05-21_DKI2
202005,2020-05-22,DKI5,70,,22,16,88,17,88,O3,SEDANG,2020-05-22_DKI5
202005,2020-05-23,DKI5,42,,22,15,87,8,87,O3,SEDANG,2020-05-23_DKI5
202005,2020-05-24,DKI2,62,,21,26,65,11,65,O3,SEDANG,2020-05-24_DKI2
202005,2020-05-25,DKI4,50,,25,15,44,9,50,PM10,BAIK,2020-05-25_DKI4
202005,2020-05-26,DKI4,52,,42,18,45,8,52,PM10,SEDANG,2020-05-26_DKI4
202005,2020-05-27,DKI2,37,,22,12,76,10,76,O3,SEDANG,2020-05-27_DKI2
202005,2020-05-28,DKI5,64,,35,16,136,16,136,O3,TIDAK SEHAT,2020-05-28_DKI5
202005,2020-05-29,DKI5,62,,27,16,134,12,134,O3,TIDAK SEHAT,2020-05-29_DKI5
202005,2020-05-30,DKI5,63,,38,36,73,11,73,O3,SEDANG,2020-05-30_DKI5
202005,2020-05-31,DKI5,54,,32,28,66,9,66,O3,SEDANG,2020-05-31_DKI5
202008,2020-08-18,DKI5,75,,25,19,99,14,99,O3,SEDANG,2020-08-18_DKI5
202008,2020-08-19,DKI3,80,,33,29,82,18,82,O3,SEDANG,2020-08-19_DKI3
202008,2020-08-20,DKI3,62,,30,18,64,13,64,O3,SEDANG,2020-08-20_DKI3
202008,2020-08-21,DKI4,71,,32,10,58,10,71,PM10,SEDANG,2020-08-21_DKI4
202008,2020-08-22,DKI4,84,,31,20,63,16,84,PM10,SEDANG,2020-08-22_DKI4
202008,2020-08-23,DKI5,72,,33,27,88,14,88,O3,SEDANG,2020-08-23_DKI5
202008,2020-08-24,DKI4,79,,31,17,68,14,79,PM10,SEDANG,2020-08-24_DKI4
202008,2020-08-25,DKI5,74,,33,13,75,17,75,O3,SEDANG,2020-08-25_DKI5
202008,2020-08-26,DKI5,63,,31,9,100,11,100,O3,SEDANG,2020-08-26_DKI5
202008,2020-08-27,DKI5,57,,31,10,80,11,80,O3,SEDANG,2020-08-27_DKI5
202008,2020-08-28,DKI4,84,,33,15,67,16,84,PM10,SEDANG,2020-08-28_DKI4
202008,2020-08-29,DKI5,70,,33,12,71,12,71,O3,SEDANG,2020-08-29_DKI5
202008,2020-08-30,DKI5,74,,33,15,79,10,79,O3,SEDANG,2020-08-30_DKI5
202008,2020-08-31,DKI5,69,,33,13,134,14,134,O3,TIDAK SEHAT,2020-08-31_DKI5
202009,2020-09-17,DKI4,65,,52,11,45,23,83,PM25,SEDANG,2020-09-17_DKI4
202009,2020-09-18,DKI4,70,,51,15,40,19,106,PM25,TIDAK SEHAT,2020-09-18_DKI4
202009,2020-09-19,DKI4,88,,56,14,40,20,119,PM25,TIDAK SEHAT,2020-09-19_DKI4
202009,2020-09-20,DKI3,73,,52,15,31,13,86,PM25,SEDANG,2020-09-20_DKI3
202009,2020-09-21,DKI4,65,,50,19,28,18,85,PM25,SEDANG,2020-09-21_DKI4
202009,2020-09-22,DKI4,62,,50,15,39,19,67,PM25,SEDANG,2020-09-22_DKI4
202009,2020-09-23,DKI2,73,,51,17,32,30,102,PM25,TIDAK SEHAT,2020-09-23_DKI2
202009,2020-09-24,DKI3,57,,44,16,39,29,93,PM25,SEDANG,2020-09-24_DKI3
202001,2020-01-01,DKI5,38,,36,25,46,9,46,O3,BAIK,2020-01-01_DKI5
202001,2020-01-02,DKI5,45,,36,39,102,8,102,O3,TIDAK SEHAT,2020-01-02_DKI5
202001,2020-01-03,DKI5,51,,37,27,63,10,63,O3,SEDANG,2020-01-03_DKI5
202001,2020-01-04,DKI5,51,,38,19,85,10,85,O3,SEDANG,2020-01-04_DKI5
202001,2020-01-05,DKI5,52,,39,25,62,9,62,O3,SEDANG,2020-01-05_DKI5
202001,2020-01-06,DKI5,62,,37,39,64,9,64,O3,SEDANG,2020-01-06_DKI5
202001,2020-01-07,DKI5,50,,38,39,66,11,66,O3,SEDANG,2020-01-07_DKI5
202001,2020-01-08,DKI5,52,,40,22,70,11,70,O3,SEDANG,2020-01-08_DKI5
202001,2020-01-09,DKI4,82,,38,58,71,13,82,PM10,SEDANG,2020-01-09_DKI4
202001,2020-01-10,DKI5,44,,37,27,47,9,47,O3,BAIK,2020-01-10_DKI5
202001,2020-01-11,DKI5,44,,38,25,80,9,80,O3,SEDANG,2020-01-11_DKI5
202001,2020-01-12,DKI5,43,,38,17,46,5,46,O3,BAIK,2020-01-12_DKI5
202001,2020-01-13,DKI4,42,,38,15,51,8,51,O3,SEDANG,2020-01-13_DKI4
202001,2020-01-14,DKI4,40,,32,17,48,9,48,O3,BAIK,2020-01-14_DKI4
202001,2020-01-15,DKI3,44,,29,16,63,9,63,O3,SEDANG,2020-01-15_DKI3
202001,2020-01-16,DKI3,70,,60,41,78,12,78,O3,SEDANG,2020-01-16_DKI3
202001,2020-01-17,DKI4,86,,34,40,125,20,125,O3,TIDAK SEHAT,2020-01-17_DKI4
202001,2020-01-18,DKI4,59,,30,25,75,7,75,O3,SEDANG,2020-01-18_DKI4
202001,2020-01-19,DKI3,76,,34,71,110,15,110,O3,TIDAK SEHAT,2020-01-19_DKI3
202001,2020-01-20,DKI3,56,,31,20,65,9,65,O3,SEDANG,2020-01-20_DKI3
202001,2020-01-21,DKI3,62,,36,41,50,15,62,PM10,SEDANG,2020-01-21_DKI3
202001,2020-01-22,DKI4,82,,36,43,64,15,82,PM10,SEDANG,2020-01-22_DKI4
202001,2020-01-23,DKI4,60,,32,29,59,18,60,PM10,SEDANG,2020-01-23_DKI4
202001,2020-01-24,DKI4,71,,30,31,44,13,71,PM10,SEDANG,2020-01-24_DKI4
202001,2020-01-25,DKI5,40,,29,34,80,12,80,O3,SEDANG,2020-01-25_DKI5
202001,2020-01-26,DKI5,63,,30,51,89,11,89,O3,SEDANG,2020-01-26_DKI5
202001,2020-01-27,DKI2,48,,30,29,83,13,83,O3,SEDANG,2020-01-27_DKI2
202001,2020-01-28,DKI3,72,,31,39,74,17,74,O3,SEDANG,2020-01-28_DKI3
202001,2020-01-29,DKI4,70,,30,42,92,19,92,O3,SEDANG,2020-01-29_DKI4
202001,2020-01-30,DKI4,38,,30,21,80,20,80,O3,SEDANG,2020-01-30_DKI4
202001,2020-01-31,DKI4,56,,30,27,54,16,56,PM10,SEDANG,2020-01-31_DKI4
202003,2020-03-02,DKI4,22,,---,35,213,11,213,O3,SANGAT TIDAK SEHAT,2020-03-02_DKI4
202003,2020-03-03,DKI4,22,,---,---,201,15,201,O3,SANGAT TIDAK SEHAT,2020-03-03_DKI4
202003,2020-03-04,DKI4,54,,---,39,152,13,152,O3,TIDAK SEHAT,2020-03-04_DKI4
202003,2020-03-05,DKI4,59,,---,32,206,5,206,O3,SANGAT TIDAK SEHAT,2020-03-05_DKI4
202003,2020-03-06,DKI4,24,,17,52,95,3,95,O3,SEDANG,2020-03-06_DKI4
202003,2020-03-07,DKI4,34,,27,40,54,7,54,O3,SEDANG,2020-03-07_DKI4
202003,2020-03-08,DKI4,30,,24,40,58,5,58,O3,SEDANG,2020-03-08_DKI4
202003,2020-03-09,DKI4,52,,22,38,59,7,59,O3,SEDANG,2020-03-09_DKI4
202003,2020-03-10,DKI4,32,,21,39,43,4,43,O3,BAIK,2020-03-10_DKI4
202003,2020-03-11,DKI4,25,,20,36,41,4,41,O3,BAIK,2020-03-11_DKI4
202003,2020-03-12,DKI4,34,,20,46,63,4,63,O3,SEDANG,2020-03-12_DKI4
202003,2020-03-13,DKI4,44,,19,58,72,10,72,O3,SEDANG,2020-03-13_DKI4
202003,2020-03-14,DKI4,32,,19,51,69,6,69,O3,SEDANG,2020-03-14_DKI4
202003,2020-03-15,DKI4,66,,22,59,179,8,179,O3,TIDAK SEHAT,2020-03-15_DKI4
202003,2020-03-16,DKI4,53,,18,63,92,8,92,O3,SEDANG,2020-03-16_DKI4
202003,2020-03-17,DKI4,48,,19,62,70,9,70,O3,SEDANG,2020-03-17_DKI4
202003,2020-03-18,DKI4,40,,18,38,101,9,101,O3,TIDAK SEHAT,2020-03-18_DKI4
202003,2020-03-19,DKI4,45,,18,35,90,6,90,O3,SEDANG,2020-03-19_DKI4
202003,2020-03-20,DKI4,69,,---,33,99,7,99,O3,SEDANG,2020-03-20_DKI4
202003,2020-03-21,DKI4,51,,---,11,83,8,83,O3,SEDANG,2020-03-21_DKI4
202003,2020-03-22,DKI4,42,,---,15,84,6,84,O3,SEDANG,2020-03-22_DKI4
202003,2020-03-23,DKI4,27,,---,5,71,7,71,O3,SEDANG,2020-03-23_DKI4
202003,2020-03-24,DKI4,52,,---,14,105,7,105,O3,TIDAK SEHAT,2020-03-24_DKI4
202003,2020-03-25,DKI4,70,,---,25,93,11,93,O3,SEDANG,2020-03-25_DKI4
202003,2020-03-26,DKI4,34,,---,6,99,5,99,O3,SEDANG,2020-03-26_DKI4
202003,2020-03-27,DKI4,44,,---,9,67,5,67,O3,SEDANG,2020-03-27_DKI4
202003,2020-03-28,DKI4,40,,---,6,117,5,117,O3,TIDAK SEHAT,2020-03-28_DKI4
202003,2020-03-29,DKI4,58,,11,12,124,6,124,O3,TIDAK SEHAT,2020-03-29_DKI4
202003,2020-03-30,DKI4,65,,14,11,91,7,91,O3,SEDANG,2020-03-30_DKI4
202003,2020-03-31,DKI4,53,,9,10,76,5,76,O3,SEDANG,2020-03-31_DKI4
202003,2020-03-31,DKI4,47,,11,14,96,6,96,O3,SEDANG,2020-03-31_DKI4
202004,2020-04-01,DKI5,51,,25,35,129,10,129,O3,TIDAK SEHAT,2020-04-01_DKI5
202004,2020-04-02,DKI2,55,,25,22,57,7,57,O3,SEDANG,2020-04-02_DKI2
202004,2020-04-03,DKI2,55,,27,22,62,6,62,O3,SEDANG,2020-04-03_DKI2
202004,2020-04-04,DKI2,66,,28,25,83,7,83,O3,SEDANG,2020-04-04_DKI2
202004,2020-04-05,DKI5,66,,28,19,103,8,103,O3,TIDAK SEHAT,2020-04-05_DKI5
202004,2020-04-06,DKI5,56,,26,29,73,9,73,O3,SEDANG,2020-04-06_DKI5
202004,2020-04-07,DKI5,42,,25,23,56,9,56,O3,SEDANG,2020-04-07_DKI5
202004,2020-04-08,DKI5,33,,26,13,69,7,69,O3,SEDANG,2020-04-08_DKI5
202004,2020-04-09,DKI5,59,,28,19,73,10,73,O3,SEDANG,2020-04-09_DKI5
202004,2020-04-10,DKI5,65,,27,26,132,12,132,O3,TIDAK SEHAT,2020-04-10_DKI5
202004,2020-04-11,DKI5,109,,27,18,135,6,135,O3,TIDAK SEHAT,2020-04-11_DKI5
202004,2020-04-12,DKI5,82,,27,31,136,13,136,O3,TIDAK SEHAT,2020-04-12_DKI5
202004,2020-04-13,DKI5,52,,26,17,86,9,86,O3,SEDANG,2020-04-13_DKI5
202004,2020-04-14,DKI5,54,,28,22,109,10,109,O3,TIDAK SEHAT,2020-04-14_DKI5
202004,2020-04-15,DKI5,57,,27,19,109,11,109,O3,TIDAK SEHAT,2020-04-15_DKI5
202004,2020-04-16,DKI5,60,,27,17,87,13,87,O3,SEDANG,2020-04-16_DKI5
202004,2020-04-17,DKI3,60,,27,19,92,11,92,O3,SEDANG,2020-04-17_DKI3
202004,2020-04-18,DKI5,53,,28,15,100,10,100,O3,SEDANG,2020-04-18_DKI5
202004,2020-04-19,DKI5,73,,29,20,147,14,147,O3,TIDAK SEHAT,2020-04-19_DKI5
202004,2020-04-20,DKI5,78,,28,20,116,9,116,O3,TIDAK SEHAT,2020-04-20_DKI5
202004,2020-04-21,DKI4,69,,28,17,59,10,69,PM10,SEDANG,2020-04-21_DKI4
202004,2020-04-22,DKI4,111,,31,26,75,11,111,PM10,TIDAK SEHAT,2020-04-22_DKI4
202004,2020-04-23,DKI5,66,,27,17,88,9,88,O3,SEDANG,2020-04-23_DKI5
202004,2020-04-24,DKI4,71,,27,22,70,8,71,PM10,SEDANG,2020-04-24_DKI4
202004,2020-04-25,DKI5,64,,26,29,77,9,77,O3,SEDANG,2020-04-25_DKI5
202004,2020-04-26,DKI5,75,,26,23,101,10,101,O3,TIDAK SEHAT,2020-04-26_DKI5
202004,2020-04-27,DKI5,51,,25,18,131,8,131,O3,TIDAK SEHAT,2020-04-27_DKI5
202004,2020-04-28,DKI5,59,,20,22,82,13,82,O3,SEDANG,2020-04-28_DKI5
202004,2020-04-29,DKI5,67,,25,19,85,11,85,O3,SEDANG,2020-04-29_DKI5
202004,2020-04-30,DKI4,80,,22,37,77,17,76,PM10,SEDANG,2020-04-30_DKI4
202009,2020-09-01,DKI4,71,,51,11,37,22,104,PM25,TIDAK SEHAT,2020-09-01_DKI4
202009,2020-09-02,DKI2,72,,51,12,38,28,97,PM25,SEDANG,2020-09-02_DKI2
202009,2020-09-03,DKI5,80,,49,13,39,26,99,PM25,SEDANG,2020-09-03_DKI5
202009,2020-09-04,DKI5,66,,50,15,35,17,98,PM25,SEDANG,2020-09-04_DKI5
202009,2020-09-05,DKI4,70,,49,15,46,22,110,PM25,TIDAK SEHAT,2020-09-05_DKI4
202009,2020-09-06,DKI4,75,,51,14,53,23,105,PM25,TIDAK SEHAT,2020-09-06_DKI4
202009,2020-09-07,DKI4,72,,51,16,60,22,131,PM25,TIDAK SEHAT,2020-09-07_DKI4
202009,2020-09-08,DKI4,78,,52,11,37,23,125,PM25,TIDAK SEHAT,2020-09-08_DKI4
202009,2020-09-09,DKI4,82,,52,11,34,19,105,PM25,TIDAK SEHAT,2020-09-09_DKI4
202009,2020-09-10,DKI5,77,,50,11,42,24,97,PM25,SEDANG,2020-09-10_DKI5
202009,2020-09-11,DKI4,89,,51,17,50,35,113,PM25,TIDAK SEHAT,2020-09-11_DKI4
202009,2020-09-12,DKI5,67,,50,13,50,25,103,PM25,TIDAK SEHAT,2020-09-12_DKI5
202009,2020-09-13,DKI2,72,,51,12,55,19,93,PM25,SEDANG,2020-09-13_DKI2
202009,2020-09-14,DKI4,72,,53,13,56,23,106,PM25,TIDAK SEHAT,2020-09-14_DKI4
202009,2020-09-15,DKI4,57,,52,17,45,23,91,PM25,SEDANG,2020-09-15_DKI4
202009,2020-09-16,DKI2,67,,50,15,41,30,89,PM25,SEDANG,2020-09-16_DKI2
202006,2020-06-01,DKI5,61,,23,22,69,10,69,O3,SEDANG,2020-06-01_DKI5
202006,2020-06-02,DKI5,50,,22,20,57,8,57,O3,SEDANG,2020-06-02_DKI5
202006,2020-06-03,DKI5,47,,21,14,48,11,48,O3,BAIK,2020-06-03_DKI5
202006,2020-06-04,DKI3,56,,31,18,41,11,56,PM10,SEDANG,2020-06-04_DKI3
202006,2020-06-05,DKI5,62,,24,17,96,12,96,O3,SEDANG,2020-06-05_DKI5
202006,2020-06-06,DKI5,69,,24,16,98,14,98,O3,SEDANG,2020-06-06_DKI5
202006,2020-06-07,DKI3,66,,26,19,96,15,96,O3,SEDANG,2020-06-07_DKI3
202006,2020-06-08,DKI4,72,,23,23,56,12,72,PM10,SEDANG,2020-06-08_DKI4
202006,2020-06-09,DKI4,81,,24,38,61,13,81,PM10,SEDANG,2020-06-09_DKI4
202006,2020-06-10,DKI1,67,,21,24,61,14,67,PM10,SEDANG,2020-06-10_DKI1
202006,2020-06-11,DKI5,63,,24,17,79,10,79,O3,SEDANG,2020-06-11_DKI5
202006,2020-06-12,DKI5,55,,22,14,97,13,97,O3,SEDANG,2020-06-12_DKI5
202006,2020-06-13,DKI5,68,,24,14,99,12,99,O3,SEDANG,2020-06-13_DKI5
202006,2020-06-14,DKI5,64,,30,17,97,12,97,O3,SEDANG,2020-06-14_DKI5
202006,2020-06-15,DKI5,76,,23,18,95,13,95,O3,SEDANG,2020-06-15_DKI5
202006,2020-06-16,DKI4,74,,24,24,59,11,74,PM10,SEDANG,2020-06-16_DKI4
202006,2020-06-17,DKI2,74,,23,20,73,12,74,PM10,SEDANG,2020-06-17_DKI2
202006,2020-06-18,DKI5,67,,24,20,79,9,79,O3,SEDANG,2020-06-18_DKI5
202006,2020-06-19,DKI5,57,,22,14,75,11,75,O3,SEDANG,2020-06-19_DKI5
202006,2020-06-20,DKI5,73,,23,20,92,17,92,O3,SEDANG,2020-06-20_DKI5
202006,2020-06-21,DKI5,67,,22,17,90,10,90,O3,SEDANG,2020-06-21_DKI5
202006,2020-06-22,DKI3,71,,25,19,69,11,71,PM10,SEDANG,2020-06-22_DKI3
202006,2020-06-23,DKI2,58,,22,21,70,15,70,O3,SEDANG,2020-06-23_DKI2
202006,2020-06-24,DKI2,58,,22,16,124,19,124,O3,TIDAK SEHAT,2020-06-24_DKI2
202006,2020-06-25,DKI5,80,,25,53,85,23,85,O3,SEDANG,2020-06-25_DKI5
202006,2020-06-26,DKI5,78,,24,23,97,19,97,O3,SEDANG,2020-06-26_DKI5
202006,2020-06-27,DKI2,75,,25,18,69,14,75,PM10,SEDANG,2020-06-27_DKI2
202006,2020-06-28,DKI3,80,,25,16,81,11,81,O3,SEDANG,2020-06-28_DKI3
202006,2020-06-29,DKI5,78,,24,15,90,15,90,O3,SEDANG,2020-06-29_DKI5
202006,2020-06-30,DKI5,79,,24,18,86,15,86,O3,SEDANG,2020-06-30_DKI5
202007,2020-07-01,DKI5,74,,29,15,94,14,94,O3,SEDANG,2020-07-01_DKI5
202007,2020-07-02,DKI2,79,,24,20,71,13,79,PM10,SEDANG,2020-07-02_DKI2
202007,2020-07-03,DKI3,58,,27,23,88,14,88,O3,SEDANG,2020-07-03_DKI3
202007,2020-07-04,DKI3,70,,23,16,71,14,71,O3,SEDANG,2020-07-04_DKI3
202007,2020-07-05,DKI4,67,,24,16,57,12,67,PM10,SEDANG,2020-07-05_DKI4
202007,2020-07-06,DKI2,75,,39,16,66,16,75,PM10,SEDANG,2020-07-06_DKI2
202007,2020-07-07,DKI5,57,,30,15,63,16,63,O3,SEDANG,2020-07-07_DKI5
202007,2020-07-08,DKI5,69,,28,15,90,15,90,O3,SEDANG,2020-07-08_DKI5
202007,2020-07-09,DKI2,60,,22,14,102,12,102,O3,TIDAK SEHAT,2020-07-09_DKI2
202007,2020-07-10,DKI3,70,,24,21,113,19,113,O3,TIDAK SEHAT,2020-07-10_DKI3
202007,2020-07-11,DKI3,86,,23,20,111,16,111,O3,TIDAK SEHAT,2020-07-11_DKI3
202007,2020-07-12,DKI5,68,,22,24,79,9,79,O3,SEDANG,2020-07-12_DKI5
202007,2020-07-13,DKI3,68,,25,20,71,13,71,O3,SEDANG,2020-07-13_DKI3
202007,2020-07-14,DKI2,69,,23,15,71,16,71,O3,SEDANG,2020-07-14_DKI2
202007,2020-07-15,DKI4,63,,22,14,51,12,63,PM10,SEDANG,2020-07-15_DKI4
202007,2020-07-16,DKI2,55,,27,13,52,11,55,PM10,SEDANG,2020-07-16_DKI2
202007,2020-07-17,DKI5,66,,31,17,68,14,68,O3,SEDANG,2020-07-17_DKI5
202007,2020-07-18,DKI5,59,,25,17,84,15,84,O3,SEDANG,2020-07-18_DKI5
202007,2020-07-19,DKI5,71,,25,21,90,10,90,O3,SEDANG,2020-07-19_DKI5
202007,2020-07-20,DKI5,66,,20,14,119,12,119,O3,TIDAK SEHAT,2020-07-20_DKI5
202007,2020-07-21,DKI5,87,,24,48,95,14,95,O3,SEDANG,2020-07-21_DKI5
202007,2020-07-22,DKI5,63,,23,20,75,15,75,O3,SEDANG,2020-07-22_DKI5
202007,2020-07-23,DKI5,63,,25,15,130,11,130,O3,TIDAK SEHAT,2020-07-23_DKI5
202007,2020-07-24,DKI5,67,,24,18,98,13,98,O3,SEDANG,2020-07-24_DKI5
202002,2020-02-01,DKI5,57,,30,39,73,14,73,O3,SEDANG,2020-02-01_DKI5
202002,2020-02-02,DKI5,52,,30,35,64,12,64,O3,SEDANG,2020-02-02_DKI5
202002,2020-02-03,DKI4,59,,30,50,46,15,59,PM10,SEDANG,2020-02-03_DKI4
202002,2020-02-04,DKI3,43,,30,53,51,14,53,CO,SEDANG,2020-02-04_DKI3
202002,2020-02-05,DKI3,67,,30,57,52,12,67,PM10,SEDANG,2020-02-05_DKI3
202002,2020-02-06,DKI2,63,,30,26,50,18,63,PM10,SEDANG,2020-02-06_DKI2
202002,2020-02-07,DKI5,55,,28,28,50,16,55,PM10,SEDANG,2020-02-07_DKI5
202002,2020-02-08,DKI4,74,,30,24,67,12,74,PM10,SEDANG,2020-02-08_DKI4
202002,2020-02-09,DKI5,48,,30,35,50,12,50,O3,BAIK,2020-02-09_DKI5
202002,2020-02-10,DKI2,51,,31,27,91,15,91,O3,SEDANG,2020-02-10_DKI2
202002,2020-02-11,DKI4,75,,32,26,98,16,98,O3,SEDANG,2020-02-11_DKI4
202002,2020-02-12,DKI3,65,,35,19,126,19,126,O3,TIDAK SEHAT,2020-02-12_DKI3
202002,2020-02-13,DKI5,63,,33,23,83,20,83,O3,SEDANG,2020-02-13_DKI5
202002,2020-02-14,DKI4,81,,33,36,60,18,81,PM10,SEDANG,2020-02-14_DKI4
202002,2020-02-15,DKI4,74,,26,51,191,17,191,O3,TIDAK SEHAT,2020-02-15_DKI4
202002,2020-02-16,DKI4,70,,23,35,118,16,118,O3,TIDAK SEHAT,2020-02-16_DKI4
202002,2020-02-17,DKI4,43,,21,30,170,12,170,O3,TIDAK SEHAT,2020-02-17_DKI4
202002,2020-02-18,DKI5,62,,30,55,182,15,182,O3,TIDAK SEHAT,2020-02-18_DKI5
202002,2020-02-19,DKI5,54,,22,28,62,11,62,O3,SEDANG,2020-02-19_DKI5
202002,2020-02-20,DKI5,43,,20,21,73,13,73,O3,SEDANG,2020-02-20_DKI5
202002,2020-02-21,DKI4,35,,20,25,80,14,80,O3,SEDANG,2020-02-21_DKI4
202002,2020-02-22,DKI4,58,,19,75,85,13,85,O3,SEDANG,2020-02-22_DKI4
202002,2020-02-23,DKI5,39,,15,37,88,9,88,O3,SEDANG,2020-02-23_DKI5
202002,2020-02-24,DKI5,32,,19,21,89,9,89,O3,SEDANG,2020-02-24_DKI5
202002,2020-02-25,DKI4,40,,19,25,92,13,92,O3,SEDANG,2020-02-25_DKI4
202002,2020-02-26,DKI4,52,,19,27,89,13,89,O3,SEDANG,2020-02-26_DKI4
202002,2020-02-27,DKI4,54,,18,40,84,13,84,O3,SEDANG,2020-02-27_DKI4
202002,2020-02-28,DKI5,56,,21,33,121,16,121,O3,TIDAK SEHAT,2020-02-28_DKI5
202002,2020-02-29,DKI5,64,,22,52,144,13,144,O3,TIDAK SEHAT,2020-02-29_DKI5
202007,2020-07-25,DKI5,69,,24,13,92,11,92,O3,SEDANG,2020-07-25_DKI5
202007,2020-07-26,DKI3,62,,26,11,79,10,79,O3,SEDANG,2020-07-26_DKI3
202007,2020-07-27,DKI5,67,,31,12,89,12,89,O3,SEDANG,2020-07-27_DKI5
202007,2020-07-28,DKI5,71,,24,21,160,14,160,O3,TIDAK SEHAT,2020-07-28_DKI5
202007,2020-07-29,DKI5,67,,24,17,164,14,164,O3,TIDAK SEHAT,2020-07-29_DKI5
202007,2020-07-30,DKI3,76,,24,14,136,14,136,O3,TIDAK SEHAT,2020-07-30_DKI3
202007,2020-07-31,DKI2,68,,25,13,115,14,115,O3,TIDAK SEHAT,2020-07-31_DKI2
202008,2020-08-01,DKI5,69,,22,16,134,14,134,O3,TIDAK SEHAT,2020-08-01_DKI5
202008,2020-08-02,DKI2,91,,27,26,102,16,102,O3,TIDAK SEHAT,2020-08-02_DKI2
202008,2020-08-03,DKI4,95,,26,19,90,16,95,PM10,SEDANG,2020-08-03_DKI4
202008,2020-08-04,DKI5,73,,27,12,91,12,91,O3,SEDANG,2020-08-04_DKI5
202008,2020-08-05,DKI4,86,,26,15,84,15,86,PM10,SEDANG,2020-08-05_DKI4
202008,2020-08-06,DKI5,88,,27,21,108,16,108,O3,TIDAK SEHAT,2020-08-06_DKI5
202008,2020-08-07,DKI5,81,,26,18,119,14,119,O3,TIDAK SEHAT,2020-08-07_DKI5
202008,2020-08-08,DKI4,79,,28,17,79,14,79,PM10,SEDANG,2020-08-08_DKI4
202008,2020-08-09,DKI5,74,,25,17,82,12,82,O3,SEDANG,2020-08-09_DKI5
202008,2020-08-10,DKI4,81,,25,19,76,12,81,PM10,SEDANG,2020-08-10_DKI4
202008,2020-08-11,DKI4,96,,26,19,78,12,96,PM10,SEDANG,2020-08-11_DKI4
202008,2020-08-12,DKI4,93,,25,37,68,18,93,PM10,SEDANG,2020-08-12_DKI4
202008,2020-08-13,DKI4,81,,24,19,58,13,81,PM10,SEDANG,2020-08-13_DKI4
202008,2020-08-14,DKI5,41,,21,21,68,17,68,O3,SEDANG,2020-08-14_DKI5
202008,2020-08-15,DKI5,58,,23,24,59,14,59,O3,SEDANG,2020-08-15_DKI5
202008,2020-08-16,DKI3,52,,24,20,68,10,68,O3,SEDANG,2020-08-16_DKI3
202008,2020-08-17,DKI5,56,,22,17,67,10,67,O3,SEDANG,2020-08-17_DKI5
202011,2020-11-01,DKI4,56,,54,27,27,27,86,PM25,SEDANG,2020-11-01_DKI4
202011,2020-11-02,DKI3,49,,54,11,29,10,54,SO2,SEDANG,2020-11-02_DKI3
202011,2020-11-03,DKI4,54,,55,12,30,22,78,PM25,SEDANG,2020-11-03_DKI4
202011,2020-11-04,DKI4,54,,56,15,36,22,91,PM25,SEDANG,2020-11-04_DKI4
202011,2020-11-05,DKI5,58,,55,17,27,35,96,PM25,SEDANG,2020-11-05_DKI5
202011,2020-11-06,DKI4,80,,57,27,36,39,139,PM25,TIDAK SEHAT,2020-11-06_DKI4
202011,2020-11-07,DKI4,65,,56,20,29,32,108,PM25,TIDAK SEHAT,2020-11-07_DKI4
202011,2020-11-08,DKI4,67,,55,21,29,29,113,PM25,TIDAK SEHAT,2020-11-08_DKI4
202011,2020-11-09,DKI4,72,,57,22,33,36,120,PM25,TIDAK SEHAT,2020-11-09_DKI4
202011,2020-11-10,DKI4,82,,56,18,37,32,137,PM25,TIDAK SEHAT,2020-11-10_DKI4
202011,2020-11-11,DKI4,79,,57,17,38,42,137,PM25,TIDAK SEHAT,2020-11-11_DKI4
202011,2020-11-12,DKI5,61,,57,12,36,30,96,PM25,SEDANG,2020-11-12_DKI5
202011,2020-11-13,DKI4,57,,57,12,31,26,83,PM25,SEDANG,2020-11-13_DKI4
202011,2020-11-14,DKI4,67,,58,14,34,28,116,PM25,TIDAK SEHAT,2020-11-14_DKI4
202011,2020-11-15,DKI4,59,,57,10,35,23,87,PM25,SEDANG,2020-11-15_DKI4
202011,2020-11-16,DKI4,64,,60,12,33,20,101,PM25,TIDAK SEHAT,2020-11-16_DKI4
202011,2020-11-17,DKI4,60,,57,18,39,26,108,PM25,TIDAK SEHAT,2020-11-17_DKI4
202011,2020-11-18,DKI4,59,,67,12,41,39,95,PM25,SEDANG,2020-11-18_DKI4
202011,2020-11-19,DKI4,77,,57,20,38,41,110,PM25,TIDAK SEHAT,2020-11-19_DKI4
202011,2020-11-20,DKI4,62,,59,13,32,22,99,PM25,SEDANG,2020-11-20_DKI4
202011,2020-11-21,DKI4,67,,57,24,32,30,104,PM25,TIDAK SEHAT,2020-11-21_DKI4
202011,2020-11-22,DKI4,70,,56,30,33,32,112,PM25,TIDAK SEHAT,2020-11-22_DKI4
202011,2020-11-23,DKI4,69,,58,23,30,34,114,PM25,TIDAK SEHAT,2020-11-23_DKI4
202011,2020-11-24,DKI3,68,,57,12,35,20,95,PM25,SEDANG,2020-11-24_DKI3
202011,2020-11-25,DKI4,55,,56,15,33,27,81,PM25,SEDANG,2020-11-25_DKI4
202011,2020-11-26,DKI4,60,,58,18,34,33,91,PM25,SEDANG,2020-11-26_DKI4
202011,2020-11-27,DKI3,51,,57,8,26,23,71,PM25,SEDANG,2020-11-27_DKI3
202011,2020-11-28,DKI4,54,,57,14,40,31,82,PM25,SEDANG,2020-11-28_DKI4
202011,2020-11-29,DKI4,48,,56,9,26,17,67,PM25,SEDANG,2020-11-29_DKI4
202011,2020-11-30,DKI3,28,,56,6,25,9,56,SO2,SEDANG,2020-11-30_DKI3
202012,2020-12-01,DKI3,47,,56,10,26,10,75,PM25,SEDANG,2020-12-01_DKI3
202012,2020-12-02,DKI3,51,,57,9,24,16,72,PM25,SEDANG,2020-12-02_DKI3
202012,2020-12-03,DKI3,42,,56,9,29,24,56,PM25,SEDANG,2020-12-03_DKI3
202012,2020-12-04,DKI5,46,,62,10,26,25,65,PM25,SEDANG,2020-12-04_DKI5
202012,2020-12-05,DKI3,31,,58,7,22,15,58,SO2,SEDANG,2020-12-05_DKI3
202012,2020-12-06,DKI3,35,,58,9,23,19,58,SO2,SEDANG,2020-12-06_DKI3
202012,2020-12-07,DKI3,25,,57,7,24,14,57,SO2,SEDANG,2020-12-07_DKI3
202012,2020-12-08,DKI5,37,,57,11,22,17,63,PM25,SEDANG,2020-12-08_DKI5
202012,2020-12-09,DKI3,34,,57,6,24,13,57,SO2,SEDANG,2020-12-09_DKI3
202012,2020-12-10,DKI3,33,,59,6,21,14,59,PM25,SEDANG,2020-12-10_DKI3
202012,2020-12-11,DKI3,36,,62,11,23,20,62,PM25,SEDANG,2020-12-11_DKI3
202012,2020-12-12,DKI3,38,,63,7,27,14,63,SO2,SEDANG,2020-12-12_DKI3
202012,2020-12-13,DKI5,29,,57,6,25,16,58,PM25,SEDANG,2020-12-13_DKI5
202012,2020-12-14,DKI4,27,,56,7,26,14,56,SO2,SEDANG,2020-12-14_DKI4
202012,2020-12-15,DKI3,45,,55,17,25,16,75,PM25,SEDANG,2020-12-15_DKI3
202012,2020-12-16,DKI3,32,,55,12,23,11,56,PM25,SEDANG,2020-12-16_DKI3
202012,2020-12-17,DKI4,29,,56,15,26,17,56,SO2,SEDANG,2020-12-17_DKI4
202012,2020-12-18,DKI4,32,,56,12,25,15,56,SO2,SEDANG,2020-12-18_DKI4
202012,2020-12-19,DKI4,39,,56,14,21,15,56,SO2,SEDANG,2020-12-19_DKI4
202012,2020-12-20,DKI4,38,,56,14,22,15,56,SO2,SEDANG,2020-12-20_DKI4
202012,2020-12-21,DKI4,25,,56,13,20,8,56,SO2,SEDANG,2020-12-21_DKI4
202012,2020-12-22,DKI3,40,,55,9,18,15,61,PM25,SEDANG,2020-12-22_DKI3
202012,2020-12-23,DKI3,68,,51,18,25,18,113,PM25,TIDAK SEHAT,2020-12-23_DKI3
202012,2020-12-24,DKI4,52,,52,11,22,18,80,PM25,SEDANG,2020-12-24_DKI4
202012,2020-12-25,DKI3,39,,51,9,16,9,53,PM25,SEDANG,2020-12-25_DKI3
202012,2020-12-26,DKI4,37,,51,7,18,9,54,PM25,SEDANG,2020-12-26_DKI4
202012,2020-12-27,DKI3,44,,52,9,19,10,59,PM25,SEDANG,2020-12-27_DKI3
202012,2020-12-28,DKI3,45,,51,8,24,17,57,PM25,SEDANG,2020-12-28_DKI3
202012,2020-12-29,DKI4,26,,51,5,23,10,51,SO2,SEDANG,2020-12-29_DKI4
202012,2020-12-30,DKI4,39,,51,6,22,10,51,SO2,SEDANG,2020-12-30_DKI4
202012,2020-12-31,DKI2,41,,52,10,33,14,52,SO2,SEDANG,2020-12-31_DKI2
202009,2020-09-25,DKI4,74,,53,15,42,27,104,PM25,TIDAK SEHAT,2020-09-25_DKI4
202009,2020-09-26,DKI4,73,,52,18,42,31,112,PM25,TIDAK SEHAT,2020-09-26_DKI4
202009,2020-09-27,DKI4,70,,52,17,45,24,107,PM25,TIDAK SEHAT,2020-09-27_DKI4
202009,2020-09-28,DKI2,74,,53,13,37,20,77,PM25,SEDANG,2020-09-28_DKI2
202009,2020-09-29,DKI5,68,,53,11,32,22,89,PM25,SEDANG,2020-09-29_DKI5
202009,2020-09-30,DKI5,57,,51,11,35,24,89,PM25,SEDANG,2020-09-30_DKI5
202010,2020-10-01,DKI4,73,,53,14,37,17,115,PM25,TIDAK SEHAT,2020-10-01_DKI4
202010,2020-10-02,DKI4,83,,54,14,37,22,111,PM25,TIDAK SEHAT,2020-10-02_DKI4
202010,2020-10-03,DKI4,74,,52,17,35,29,84,PM25,SEDANG,2020-10-03_DKI4
202010,2020-10-04,DKI4,79,,52,16,43,24,97,PM25,SEDANG,2020-10-04_DKI4
202010,2020-10-05,DKI2,62,,52,11,47,15,63,PM25,SEDANG,2020-10-05_DKI2
202010,2020-10-06,DKI4,64,,53,8,45,21,69,PM25,SEDANG,2020-10-06_DKI4
202010,2020-10-07,DKI4,77,,55,11,43,26,86,PM25,SEDANG,2020-10-07_DKI4
202010,2020-10-08,DKI4,68,,54,11,44,25,80,PM25,SEDANG,2020-10-08_DKI4
202010,2020-10-09,DKI1,74,,52,15,49,25,99,PM25,SEDANG,2020-10-09_DKI1
202010,2020-10-10,DKI5,70,,53,17,35,25,89,PM25,SEDANG,2020-10-10_DKI5
202010,2020-10-11,DKI5,69,,52,16,45,22,75,PM25,SEDANG,2020-10-11_DKI5
202010,2020-10-12,DKI5,58,,51,15,39,26,99,PM25,SEDANG,2020-10-12_DKI5
202010,2020-10-13,DKI4,72,,53,20,39,29,117,PM25,TIDAK SEHAT,2020-10-13_DKI4
202010,2020-10-14,DKI4,81,,54,19,44,30,125,PM25,TIDAK SEHAT,2020-10-14_DKI4
202010,2020-10-15,DKI3,79,,54,15,48,28,106,PM25,TIDAK SEHAT,2020-10-15_DKI3
202010,2020-10-16,DKI2,68,,52,13,43,28,90,PM25,SEDANG,2020-10-16_DKI2
202010,2020-10-17,DKI4,70,,52,16,36,36,86,PM25,SEDANG,2020-10-17_DKI4
202010,2020-10-18,DKI4,60,,52,12,37,26,95,PM25,SEDANG,2020-10-18_DKI4
202010,2020-10-19,DKI4,64,,53,13,37,26,97,PM25,SEDANG,2020-10-19_DKI4
202010,2020-10-20,DKI4,63,,53,19,31,36,100,PM25,SEDANG,2020-10-20_DKI4
202010,2020-10-21,DKI4,57,,53,17,33,30,92,PM25,SEDANG,2020-10-21_DKI4
202010,2020-10-22,DKI2,53,,53,18,29,26,82,PM25,SEDANG,2020-10-22_DKI2
202010,2020-10-23,DKI3,39,,53,9,22,12,65,PM25,SEDANG,2020-10-23_DKI3
202010,2020-10-24,DKI4,56,,54,11,34,25,91,PM25,SEDANG,2020-10-24_DKI4
202010,2020-10-25,DKI4,52,,54,13,42,20,79,PM25,SEDANG,2020-10-25_DKI4
202010,2020-10-26,DKI4,57,,55,14,41,28,82,PM25,SEDANG,2020-10-26_DKI4
202010,2020-10-27,DKI4,52,,54,17,34,30,70,PM25,SEDANG,2020-10-27_DKI4
202010,2020-10-28,DKI5,66,,54,29,32,33,89,PM25,SEDANG,2020-10-28_DKI5
202010,2020-10-29,DKI4,57,,55,15,35,26,87,PM25,SEDANG,2020-10-29_DKI4
202010,2020-10-30,DKI4,63,,55,18,34,19,108,PM25,TIDAK SEHAT,2020-10-30_DKI4
202010,2020-10-31,0,45,,55,15,29,20,72,,SEDANG,2020-10-31_0
